{"cars": [], "camera_calibration": {"pp": [960.5, 540.5], "scale": 1.0, "vp1": [-104.5541071357379, -249.3718340641305], "vp2": [4742.261431360265, -60.95494091517035]}}