{"cars": [], "camera_calibration": {"pp": [960.5, 540.5], "scale": 1.0, "vp1": [-86.54418612348616, -258.8418475176724], "vp2": [3996.6465647931627, 13.196635119934731]}}