{"cars": [], "camera_calibration": {"pp": [960.5, 540.5], "scale": 1.0, "vp1": [-75.4126393073088, -233.6685436305576], "vp2": [4828.198228384593, -62.74412295119942]}}