{"cars": [], "camera_calibration": {"pp": [960.5, 540.5], "scale": 1.0, "vp1": [-1628.4285431948576, -470.18018140758994], "vp2": [2126.550924019739, 246.21484594498466]}}