{"cars": [], "camera_calibration": {"pp": [960.5, 540.5], "scale": 1.0, "vp1": [279.172788601505, -5.687444642278102], "vp2": [2613.403498307361, 233.21216834856952]}}