{"cars": [], "camera_calibration": {"pp": [960.5, 540.5], "scale": 1.0, "vp1": [-1014.4973457628922, -361.15995334927675], "vp2": [1755.841275196201, 90.38282768603047]}}