{"cars": [], "camera_calibration": {"pp": [960.5, 540.5], "scale": 1.0, "vp1": [-77.53450495208699, -270.0468686079712], "vp2": [5184.862928082586, -15.791453385686413]}}