{"cars": [], "camera_calibration": {"pp": [960.5, 540.5], "scale": 1.0, "vp1": [51.020310658742076, -165.8031616117364], "vp2": [2171.338189651836, 262.4434263460188]}}