{"cars": [], "camera_calibration": {"pp": [960.5, 540.5], "scale": 1.0, "vp1": [374.8153610544443, -43.89758756552125], "vp2": [3087.2010235706794, 396.67435365074516]}}