{"cars": [], "camera_calibration": {"pp": [960.5, 540.5], "scale": 1.0, "vp1": [371.82515447778695, -33.67071982796974], "vp2": [3572.643957987577, 343.52309367847744]}}