{"cars": [], "camera_calibration": {"pp": [960.5, 540.5], "scale": 1.0, "vp1": [437.17409222143345, 42.27172120701495], "vp2": [3200.5040227099917, 300.56259360484063]}}