{"cars": [], "camera_calibration": {"pp": [960.5, 540.5], "scale": 1.0, "vp1": [1043.444580290681, 227.37289283273884], "vp2": [-13637.896097882023, 251.88683335024584]}}