{"cars": [], "camera_calibration": {"pp": [960.5, 540.5], "scale": 1.0, "vp1": [234.7876669211307, 83.31674618924193], "vp2": [1583.271878363577, 192.94057069590593]}}