{"cars": [], "camera_calibration": {"pp": [960.5, 540.5], "scale": 1.0, "vp1": [446.0567823758562, 23.99434891234098], "vp2": [4822.1673467571745, 249.1540789716897]}}