{"cars": [], "camera_calibration": {"pp": [960.5, 540.5], "scale": 1.0, "vp1": [487.18458966596137, 123.86076651992636], "vp2": [1866.6000065356204, 396.893684846467]}}