{"cars": [], "camera_calibration": {"pp": [960.5, 540.5], "scale": 1.0, "vp1": [456.1904848602915, 27.196883096167966], "vp2": [3896.3070734073917, 352.1173224385024]}}