{"cars": [], "camera_calibration": {"pp": [960.5, 540.5], "scale": 1.0, "vp1": [1443.720277524142, -33.74276251319394], "vp2": [-1653.0676051821372, 322.5174505375144]}}