{"cars": [], "camera_calibration": {"pp": [960.5, 540.5], "scale": 1.0, "vp1": [648.5095561276794, 140.77320319067132], "vp2": [6520.135163782205, 37.78935937492168]}}