{"cars": [], "camera_calibration": {"pp": [960.5, 540.5], "scale": 1.0, "vp1": [1128.2267297631668, -258.8615657119879], "vp2": [-3859.2496230076395, 170.22944048929762]}}