{"cars": [], "camera_calibration": {"pp": [960.5, 540.5], "scale": 1.0, "vp1": [1110.9710779582977, -213.40948197375945], "vp2": [-4320.941120702704, 303.65358251968377]}}