{"cars": [], "camera_calibration": {"pp": [960.5, 540.5], "scale": 1.0, "vp1": [1035.0635474458809, 373.96040615243896], "vp2": [-4262.810190934566, 357.6390293923038]}}