{"cars": [], "camera_calibration": {"pp": [960.5, 540.5], "scale": 1.0, "vp1": [673.604312534239, 312.69943565468736], "vp2": [2583.44636535629, 313.0379302048649]}}