{"cars": [], "camera_calibration": {"pp": [960.5, 540.5], "scale": 1.0, "vp1": [1062.7299425337383, -17.230836843391028], "vp2": [-6189.06730974959, 792.9051171973227]}}