{"cars": [], "camera_calibration": {"pp": [960.5, 540.5], "scale": 1.0, "vp1": [1141.3668128338193, -448.0110752884205], "vp2": [-7255.347307575344, 12.314491840746944]}}