{"cars": [], "camera_calibration": {"pp": [960.5, 540.5], "scale": 1.0, "vp1": [708.6808284440599, -367.56960131792744], "vp2": [4000.388277804627, 356.4264733265253]}}