{"cars": [], "camera_calibration": {"pp": [960.5, 540.5], "scale": 1.0, "vp1": [504.283479833424, -183.61570660084297], "vp2": [2722.7121024454405, 569.4930002789309]}}