{"cars": [], "camera_calibration": {"pp": [960.5, 540.5], "scale": 1.0, "vp1": [-3323.4142072067675, 1389.4111265533975], "vp2": [4458.476058870899, 515.486461727227]}}