{"cars": [], "camera_calibration": {"pp": [960.5, 540.5], "scale": 1.0, "vp1": [776.3996329588766, 13.243247176750065], "vp2": [5941.228923697242, 381.7462508028279]}}