{"cars": [], "camera_calibration": {"pp": [960.5, 540.5], "scale": 1.0, "vp1": [-587.6971473709694, 1489.677803615962], "vp2": [2387.8482294104774, -180.7095252451901]}}