{"cars": [], "camera_calibration": {"pp": [960.5, 540.5], "scale": 1.0, "vp1": [733.6755293400279, -277.58604083304493], "vp2": [4750.981653475441, 380.2819439216154]}}