{"cars": [], "camera_calibration": {"pp": [960.5, 540.5], "scale": 1.0, "vp1": [712.6145184486886, -190.8368552785428], "vp2": [5210.22272015205, 238.0199896832866]}}