{"cars": [], "camera_calibration": {"pp": [960.5, 540.5], "scale": 1.0, "vp1": [844.0995348128731, 121.66874715540463], "vp2": [12837.814296244538, 2975.8318521860533]}}