{"cars": [], "camera_calibration": {"pp": [960.5, 540.5], "scale": 1.0, "vp1": [35.81165330642651, 123.84189834823451], "vp2": [2790.5005267610695, 65.42018208485348]}}