{"cars": [], "camera_calibration": {"pp": [960.5, 540.5], "scale": 1.0, "vp1": [446.00504405105437, 83.01945538575275], "vp2": [1623.9359374105693, 139.85712333543952]}}