{"cars": [], "camera_calibration": {"pp": [960.5, 540.5], "scale": 1.0, "vp1": [301.9509460230381, 27.30036679877597], "vp2": [1816.690747762024, 153.0786845503383]}}