{"cars": [], "camera_calibration": {"pp": [960.5, 540.5], "scale": 1.0, "vp1": [302.8101470442044, 31.07088798904171], "vp2": [1640.6009569987566, 185.3842735323741]}}