{"cars": [], "camera_calibration": {"pp": [960.5, 540.5], "scale": 1.0, "vp1": [1784.6909522141932, 137.17808197651473], "vp2": [-576.6840107073741, 150.23113265504742]}}