{"cars": [], "camera_calibration": {"pp": [960.5, 540.5], "scale": 1.0, "vp1": [406.65276090632153, 38.50414440102874], "vp2": [2516.000872188263, 112.52657299071369]}}