{"cars": [], "camera_calibration": {"pp": [960.5, 540.5], "scale": 1.0, "vp1": [1333.870381589128, 102.21319897898614], "vp2": [-344.5245735727296, 96.91512453532071]}}