{"cars": [], "camera_calibration": {"pp": [960.5, 540.5], "scale": 1.0, "vp1": [293.56799095864636, 24.575192934298574], "vp2": [1863.558370912889, 172.20505097183386]}}