{"cars": [], "camera_calibration": {"pp": [960.5, 540.5], "scale": 1.0, "vp1": [1892.7399030207325, -32.38957267366426], "vp2": [61.628086567759034, 131.40132119600358]}}