{"cars": [], "camera_calibration": {"pp": [960.5, 540.5], "scale": 1.0, "vp1": [1583.3987857413815, -237.63637502846666], "vp2": [-4733.514938429109, -68.96919095066397]}}