{"cars": [], "camera_calibration": {"pp": [960.5, 540.5], "scale": 1.0, "vp1": [1565.6138479721374, -239.32339854469888], "vp2": [-1976.862699311273, 205.9903239221222]}}