{"cars": [], "camera_calibration": {"pp": [960.5, 540.5], "scale": 1.0, "vp1": [1480.3090099586723, -47.781835705705554], "vp2": [196.37175332205138, 300.4307100972225]}}