{"cars": [], "camera_calibration": {"pp": [960.5, 540.5], "scale": 1.0, "vp1": [1595.00970818068, 54.3121726702295], "vp2": [-61.5567890892796, 79.99626594181326]}}