{"cars": [], "camera_calibration": {"pp": [960.5, 540.5], "scale": 1.0, "vp1": [1543.6627400693835, -182.6255833435126], "vp2": [-1522.0566301390395, 251.9182865058258]}}