{"cars": [], "camera_calibration": {"pp": [960.5, 540.5], "scale": 1.0, "vp1": [1091.9675611384303, 50.743205744653224], "vp2": [-6092.962482084877, 1092.6280745138874]}}