{"cars": [], "camera_calibration": {"pp": [960.5, 540.5], "scale": 1.0, "vp1": [1578.9668621344842, -188.84530966528112], "vp2": [-2524.860412841823, 125.81196576210667]}}