{"cars": [], "camera_calibration": {"pp": [960.5, 540.5], "scale": 1.0, "vp1": [723.4436959741374, 46.26930612832762], "vp2": [8449.729137358168, 4.062222187557605]}}