{"cars": [], "camera_calibration": {"pp": [960.5, 540.5], "scale": 1.0, "vp1": [1420.203942784967, -37.78301433811842], "vp2": [-1206.0721520261102, 78.29853019557193]}}