{"cars": [], "camera_calibration": {"pp": [960.5, 540.5], "scale": 1.0, "vp1": [109.864970101721, 112.2913618551262], "vp2": [4490.141148248966, -112.05316866439671]}}