{"cars": [], "camera_calibration": {"pp": [960.5, 540.5], "scale": 1.0, "vp1": [1125.1027039572666, 74.95636221402903], "vp2": [-980.0654907069187, 276.77146031348684]}}