{"cars": [], "camera_calibration": {"pp": [960.5, 540.5], "scale": 1.0, "vp1": [1554.5418929197695, -70.83118992753174], "vp2": [-3189.3539006502147, 10.339883343740548]}}