{"cars": [], "camera_calibration": {"pp": [960.5, 540.5], "scale": 1.0, "vp1": [674.4195469860318, 18.409765386242235], "vp2": [3318.294749165296, 28.848474855029412]}}