{"cars": [], "camera_calibration": {"pp": [960.5, 540.5], "scale": 1.0, "vp1": [1465.0992740549682, -32.35787359870496], "vp2": [-691.3276398270503, 109.44390793819936]}}