{"cars": [], "camera_calibration": {"pp": [960.5, 540.5], "scale": 1.0, "vp1": [1588.7602665771917, -55.04326593143911], "vp2": [-1285.8728645569663, 81.06298742456265]}}