{"cars": [], "camera_calibration": {"pp": [960.5, 540.5], "scale": 1.0, "vp1": [1822.122007693749, 150.54229395939362], "vp2": [-664.6737201282507, 309.45753061817027]}}