{"cars": [], "camera_calibration": {"pp": [960.5, 540.5], "scale": 1.0, "vp1": [2261.5137751105494, -255.972498923376], "vp2": [-4690.42126745425, 144.81028477918468]}}