{"cars": [], "camera_calibration": {"pp": [960.5, 540.5], "scale": 1.0, "vp1": [2262.096165956304, -191.90740506831796], "vp2": [-2910.189069152936, 263.74399144103654]}}