{"cars": [], "camera_calibration": {"pp": [960.5, 540.5], "scale": 1.0, "vp1": [1976.2729993318344, 155.08454977722724], "vp2": [309.4344632908313, 178.93356131646226]}}