{"cars": [], "camera_calibration": {"pp": [960.5, 540.5], "scale": 1.0, "vp1": [1787.8917386445387, -17.207414881662277], "vp2": [-2478.2055766741696, 788.3701579743633]}}