{"cars": [], "camera_calibration": {"pp": [960.5, 540.5], "scale": 1.0, "vp1": [2013.9497788670235, 0.5306527525179825], "vp2": [-8945.246356976566, -1359.2433641351276]}}