{"cars": [], "camera_calibration": {"pp": [960.5, 540.5], "scale": 1.0, "vp1": [2156.1404363554807, -155.39386322165916], "vp2": [-2498.189988263778, 320.33734352280095]}}