{"cars": [], "camera_calibration": {"pp": [960.5, 540.5], "scale": 1.0, "vp1": [2125.80666871331, -121.89440447629208], "vp2": [-2609.6118076085168, 339.4282747146976]}}