{"cars": [], "camera_calibration": {"pp": [960.5, 540.5], "scale": 1.0, "vp1": [461.64240051615684, -13.867593141539249], "vp2": [3117.258954927507, 177.33248557859264]}}