{"cars": [], "camera_calibration": {"pp": [960.5, 540.5], "scale": 1.0, "vp1": [778.7457178187772, -2.5928698293317307], "vp2": [12361.230484751439, 132.38100628551976]}}