{"cars": [], "camera_calibration": {"pp": [960.5, 540.5], "scale": 1.0, "vp1": [423.675524436024, -71.18032535537922], "vp2": [3146.945663162967, 178.24606609533964]}}