{"cars": [], "camera_calibration": {"pp": [960.5, 540.5], "scale": 1.0, "vp1": [558.1808905366833, -45.92441165763087], "vp2": [3086.821383073446, 284.10704434329756]}}