{"cars": [], "camera_calibration": {"pp": [960.5, 540.5], "scale": 1.0, "vp1": [336.4734801480624, -1.452633071125657], "vp2": [4442.761876325718, 2.354320040397845]}}