{"cars": [], "camera_calibration": {"pp": [960.5, 540.5], "scale": 1.0, "vp1": [1636.2451158909607, 10.142677436275207], "vp2": [-364.7171583137006, 145.08160866614907]}}