{"cars": [], "camera_calibration": {"pp": [960.5, 540.5], "scale": 1.0, "vp1": [362.23370697823464, -32.85025657323745], "vp2": [2127.770637610523, 38.438006727002936]}}