{"cars": [], "camera_calibration": {"pp": [960.5, 540.5], "scale": 1.0, "vp1": [565.5162588263439, 9.355508006756475], "vp2": [2177.948681217191, 200.89527662288285]}}