{"cars": [], "camera_calibration": {"pp": [960.5, 540.5], "scale": 1.0, "vp1": [726.000028426486, 264.7951486551101], "vp2": [6242.8611614429865, 744.9439417703925]}}