{"cars": [], "camera_calibration": {"pp": [960.5, 540.5], "scale": 1.0, "vp1": [103.89626142731653, 301.02052364105685], "vp2": [3380.375519030039, 307.42059164288617]}}