{"cars": [], "camera_calibration": {"pp": [960.5, 540.5], "scale": 1.0, "vp1": [-104.92380897831602, 246.99557942473535], "vp2": [1520.0415896801867, 389.69404470614603]}}