{"cars": [], "camera_calibration": {"pp": [960.5, 540.5], "scale": 1.0, "vp1": [439.47734554954644, 235.11653833410094], "vp2": [3778.170868950823, 524.5364413822748]}}