{"cars": [], "camera_calibration": {"pp": [960.5, 540.5], "scale": 1.0, "vp1": [497.14140074740817, 270.0237022645316], "vp2": [5039.540512528547, 472.42668218767744]}}