{"cars": [], "camera_calibration": {"pp": [960.5, 540.5], "scale": 1.0, "vp1": [1478.409077350657, 270.4257188066004], "vp2": [-789.8251876423608, 338.34087267121697]}}