{"cars": [], "camera_calibration": {"pp": [960.5, 540.5], "scale": 1.0, "vp1": [586.1972922133554, 254.1584428218644], "vp2": [5186.766308221782, 471.8189296111029]}}