{"cars": [], "camera_calibration": {"pp": [960.5, 540.5], "scale": 1.0, "vp1": [765.0563126273554, 290.7714807271462], "vp2": [3603.958704323105, 372.53081093929086]}}