{"cars": [], "camera_calibration": {"pp": [960.5, 540.5], "scale": 1.0, "vp1": [1202.2180362058393, 17.10807493638417], "vp2": [-5355.915837947677, -0.5748016423829243]}}