{"cars": [], "camera_calibration": {"pp": [960.5, 540.5], "scale": 1.0, "vp1": [906.3018464584247, 2.5875632700057336], "vp2": [13451.85675899756, 995.3467988296144]}}