{"cars": [], "camera_calibration": {"pp": [960.5, 540.5], "scale": 1.0, "vp1": [569.9582344005831, 17.44462252895554], "vp2": [1883.9931175978213, 223.76433237355207]}}