{"cars": [], "camera_calibration": {"pp": [960.5, 540.5], "scale": 1.0, "vp1": [1279.1697829525413, 68.81454081379528], "vp2": [-810.3437936288983, 24.424535967301733]}}