{"cars": [], "camera_calibration": {"pp": [960.5, 540.5], "scale": 1.0, "vp1": [735.4323576416609, -20.113578870112793], "vp2": [5922.163402283111, 157.7317323590516]}}