{"cars": [], "camera_calibration": {"pp": [960.5, 540.5], "scale": 1.0, "vp1": [1690.3961171317662, 77.1517718665415], "vp2": [-207.05238567253195, 120.26744717561785]}}