{"cars": [], "camera_calibration": {"pp": [960.5, 540.5], "scale": 1.0, "vp1": [123.57574650482553, 8.786664553672367], "vp2": [2591.3138185167672, 24.495912718511686]}}