{"cars": [], "camera_calibration": {"pp": [960.5, 540.5], "scale": 1.0, "vp1": [704.7728424561928, -23.47483919556139], "vp2": [4549.361844529928, 222.60690616318334]}}