{"cars": [], "camera_calibration": {"pp": [960.5, 540.5], "scale": 1.0, "vp1": [1467.3841721512292, 12.742447982438318], "vp2": [-1744.5157352982667, 144.98756109479143]}}