{"cars": [], "camera_calibration": {"pp": [960.5, 540.5], "scale": 1.0, "vp1": [1381.5096792800744, 49.05893685918585], "vp2": [-1021.1618884160114, 178.25590353293404]}}