{"cars": [], "camera_calibration": {"pp": [960.5, 540.5], "scale": 1.0, "vp1": [298.51743616431025, 194.1720020226896], "vp2": [5061.765059671498, -75.73632856749596]}}