{"cars": [], "camera_calibration": {"pp": [960.5, 540.5], "scale": 1.0, "vp1": [1388.461683409595, 46.091192606549555], "vp2": [-1346.2482348866695, 213.31360558164783]}}