{"cars": [], "camera_calibration": {"pp": [960.5, 540.5], "scale": 1.0, "vp1": [1583.1182799219341, 1.9278296667741783], "vp2": [-2517.232847888227, 197.02710508615598]}}