{"cars": [], "camera_calibration": {"pp": [960.5, 540.5], "scale": 1.0, "vp1": [1512.1286688768625, 39.745478268733464], "vp2": [-509.4358471598009, 178.94396018988957]}}