{"cars": [], "camera_calibration": {"pp": [960.5, 540.5], "scale": 1.0, "vp1": [665.5041314302625, 73.35783882599726], "vp2": [2737.003024756539, 91.20133829964605]}}