{"cars": [], "camera_calibration": {"pp": [960.5, 540.5], "scale": 1.0, "vp1": [278.51478965566724, 233.40353389894074], "vp2": [1462.946647897552, 136.5974515713257]}}