{"cars": [], "camera_calibration": {"pp": [640.5, 400.5], "scale": 1.0, "vp1": [699.725606962706, 251.21371044232743], "vp2": [-5635.8572918229975, 252.1186480495806]}}