{"cars": [], "camera_calibration": {"pp": [640.5, 400.5], "scale": 1.0, "vp1": [-160.47267385786495, 66.82444769444963], "vp2": [2785.2055297350194, 61.2246155789595]}}