{"cars": [], "camera_calibration": {"pp": [640.5, 400.5], "scale": 1.0, "vp1": [568.3680513384503, 151.69534118507497], "vp2": [10908.807848768141, 164.45399578140936]}}