{"cars": [], "camera_calibration": {"pp": [640.5, 400.5], "scale": 1.0, "vp1": [477.33888594938946, 117.84552816391002], "vp2": [12015.307458712274, -112.47056366909767]}}