{"cars": [], "camera_calibration": {"pp": [640.5, 400.5], "scale": 1.0, "vp1": [617.3302921388903, 65.21927913715174], "vp2": [41177.280890716575, 242.72164964952128]}}