{"cars": [], "camera_calibration": {"pp": [640.5, 400.5], "scale": 1.0, "vp1": [595.8891182480478, 57.19462508029497], "vp2": [27295.02070408113, 602.5807446281137]}}