{"cars": [], "camera_calibration": {"pp": [640.5, 400.5], "scale": 1.0, "vp1": [544.8007581966524, 286.98169648426347], "vp2": [5875.9616884238985, -91.30074836043933]}}