{"cars": [], "camera_calibration": {"pp": [640.5, 400.5], "scale": 1.0, "vp1": [183.9288383675943, 299.6114110204918], "vp2": [1266.9262279039908, 301.51616622263833]}}