{"cars": [], "camera_calibration": {"pp": [960.5, 540.5], "scale": 1.0, "vp1": [504.64988225612836, 161.78474911744968], "vp2": [3471.982034020399, 153.66524367121787]}}