{"cars": [], "camera_calibration": {"pp": [960.5, 540.5], "scale": 1.0, "vp1": [697.3957378618849, 121.13044018601322], "vp2": [8851.056450501645, -15.796289094622004]}}