{"cars": [], "camera_calibration": {"pp": [960.5, 540.5], "scale": 1.0, "vp1": [332.92856978299176, 175.7919393404512], "vp2": [3470.396305382733, 127.79163597432283]}}