{"cars": [], "camera_calibration": {"pp": [960.5, 540.5], "scale": 1.0, "vp1": [1786.0537133438982, 61.823004062060484], "vp2": [-240.61490219716146, 156.98956398947604]}}