{"cars": [], "camera_calibration": {"pp": [960.5, 540.5], "scale": 1.0, "vp1": [675.4445294723162, 238.90241449889436], "vp2": [1763.5074328429046, 291.16862651067515]}}