{"cars": [], "camera_calibration": {"pp": [960.5, 540.5], "scale": 1.0, "vp1": [1317.4909710614575, 144.11847180844154], "vp2": [-1176.842724666902, 186.50163161174882]}}