{"cars": [], "camera_calibration": {"pp": [960.5, 540.5], "scale": 1.0, "vp1": [559.5882736971903, 159.75136913443478], "vp2": [2104.5423639138958, 183.06932062949411]}}