{"cars": [], "camera_calibration": {"pp": [960.5, 540.5], "scale": 1.0, "vp1": [553.8712682288821, 159.92741146580084], "vp2": [3114.461499981149, 205.12086309532324]}}