{"cars": [], "camera_calibration": {"pp": [960.5, 540.5], "scale": 1.0, "vp1": [1417.7068495721373, 198.81719437818526], "vp2": [-246.60500920031373, 85.56510035745427]}}