{"cars": [], "camera_calibration": {"pp": [960.5, 540.5], "scale": 1.0, "vp1": [1339.948685080212, 161.3146189826108], "vp2": [-301.340502119766, 154.39678181807128]}}