{"cars": [], "camera_calibration": {"pp": [960.5, 540.5], "scale": 1.0, "vp1": [1096.95921896057, 156.87334508584613], "vp2": [-5640.167601214084, 185.63195298113007]}}