{"cars": [], "camera_calibration": {"pp": [960.5, 540.5], "scale": 1.0, "vp1": [234.40766641451077, 198.0476219107758], "vp2": [4418.031462570119, 170.8380278961353]}}