{"cars": [], "camera_calibration": {"pp": [960.5, 540.5], "scale": 1.0, "vp1": [1577.8133937376633, 114.5580838261095], "vp2": [-422.4710189775345, 267.68147356356974]}}