{"cars": [], "camera_calibration": {"pp": [960.5, 540.5], "scale": 1.0, "vp1": [1212.5925102235703, 167.6379217499545], "vp2": [-1848.6914497294274, 0.9157071782298397]}}