{"cars": [], "camera_calibration": {"pp": [960.5, 540.5], "scale": 1.0, "vp1": [515.6568028554261, 145.69392663288383], "vp2": [1722.6920326170132, 171.56109937442216]}}