{"cars": [], "camera_calibration": {"pp": [960.5, 540.5], "scale": 1.0, "vp1": [732.355031364206, 153.95866747398262], "vp2": [7047.7612409444155, 76.57830715461948]}}