{"cars": [], "camera_calibration": {"pp": [960.5, 540.5], "scale": 1.0, "vp1": [-557.8414209382323, -35.71019371952343], "vp2": [2090.493826784044, 391.7562716530411]}}