{"cars": [], "camera_calibration": {"pp": [960.5, 540.5], "scale": 1.0, "vp1": [-795.9010102173548, -427.2956835363772], "vp2": [3141.067477198734, -86.40885198966335]}}