{"cars": [], "camera_calibration": {"pp": [960.5, 540.5], "scale": 1.0, "vp1": [72.88355690740043, 130.97014645476577], "vp2": [2547.8845917611607, 322.4297191988945]}}