{"cars": [], "camera_calibration": {"pp": [960.5, 540.5], "scale": 1.0, "vp1": [-212.88997681293915, -20.719362629910854], "vp2": [2523.3629095655815, 253.62530055955563]}}