{"cars": [], "camera_calibration": {"pp": [960.5, 540.5], "scale": 1.0, "vp1": [-42.095354097203675, 74.56975692345107], "vp2": [2343.8399380098267, 298.3036336759884]}}