{"cars": [], "camera_calibration": {"pp": [960.5, 540.5], "scale": 1.0, "vp1": [-1238.7478318312217, -455.8484622253322], "vp2": [2442.811137196302, 169.764545480339]}}