{"cars": [], "camera_calibration": {"pp": [960.5, 540.5], "scale": 1.0, "vp1": [-143.98371838898916, 2.108928168244339], "vp2": [2035.1239594887074, 238.59083503929375]}}