{"cars": [], "camera_calibration": {"pp": [960.5, 540.5], "scale": 1.0, "vp1": [-436.76871734273305, -193.7752306699523], "vp2": [2628.515716600162, 267.1653280604954]}}