{"cars": [], "camera_calibration": {"pp": [960.5, 540.5], "scale": 1.0, "vp1": [197.54891030978249, 298.5627530317236], "vp2": [1475.5728386536123, 399.7629074176994]}}