{"cars": [], "camera_calibration": {"pp": [960.5, 540.5], "scale": 1.0, "vp1": [375.88916178049305, 321.70635855570356], "vp2": [1582.3814324234636, 471.837269648359]}}