{"cars": [], "camera_calibration": {"pp": [960.5, 540.5], "scale": 1.0, "vp1": [214.19827038096895, 266.46723135585], "vp2": [2138.5867659037945, 426.6852449458752]}}