{"cars": [], "camera_calibration": {"pp": [960.5, 540.5], "scale": 1.0, "vp1": [249.3790024743568, 274.8459778776391], "vp2": [2236.358493280852, 390.5533416151822]}}