{"cars": [], "camera_calibration": {"pp": [960.5, 540.5], "scale": 1.0, "vp1": [277.2056818521582, 286.71007518264696], "vp2": [2494.2172101854035, 433.6634890154345]}}