{"cars": [], "camera_calibration": {"pp": [960.5, 540.5], "scale": 1.0, "vp1": [1237.296524701026, 390.5317824533192], "vp2": [-9083.08211160825, 413.9976018759437]}}