{"cars": [], "camera_calibration": {"pp": [960.5, 540.5], "scale": 1.0, "vp1": [389.2390246452967, 321.50669087007327], "vp2": [2490.49569429024, 368.76305871941923]}}