{"cars": [], "camera_calibration": {"pp": [960.5, 540.5], "scale": 1.0, "vp1": [215.38555389030859, 261.20566172331695], "vp2": [2184.2261099188136, 429.57058576555886]}}