{"cars": [], "camera_calibration": {"pp": [640.5, 400.5], "scale": 1.0, "vp1": [683.0054112215199, 212.56851273790684], "vp2": [-6449.961589297458, -44.51644944298306]}}