{"cars": [], "camera_calibration": {"pp": [640.5, 400.5], "scale": 1.0, "vp1": [253.12795750315453, 234.918064790564], "vp2": [1491.7615237638174, 227.42246814952938]}}