{"cars": [], "camera_calibration": {"pp": [640.5, 400.5], "scale": 1.0, "vp1": [677.9700704866337, 129.27243989096723], "vp2": [-12289.754205927773, 179.34868529273183]}}