{"cars": [], "camera_calibration": {"pp": [640.5, 400.5], "scale": 1.0, "vp1": [1062.671136730638, 187.7551160290047], "vp2": [-4.186920779670822, 250.03394744186792]}}