{"cars": [], "camera_calibration": {"pp": [640.5, 400.5], "scale": 1.0, "vp1": [278.8625033257031, 103.77693976393002], "vp2": [2343.084486772393, 101.16936877354578]}}