{"cars": [], "camera_calibration": {"pp": [640.5, 400.5], "scale": 1.0, "vp1": [273.6574316825797, 105.33176202826232], "vp2": [2593.4231924080386, 81.1015576877261]}}