{"cars": [], "camera_calibration": {"pp": [640.5, 400.5], "scale": 1.0, "vp1": [238.7471406661027, 120.9342962780197], "vp2": [2060.003862246074, 108.69623790490054]}}