{"cars": [], "camera_calibration": {"pp": [640.5, 400.5], "scale": 1.0, "vp1": [106.71819705396928, 213.37023962413545], "vp2": [1108.6733442642908, 241.99102891188556]}}