{"cars": [], "camera_calibration": {"pp": [960.5, 540.5], "scale": 1.0, "vp1": [1234.5724052034664, 55.36078666385691], "vp2": [-11074.18226587411, 879.8638080839017]}}