{"cars": [], "camera_calibration": {"pp": [960.5, 540.5], "scale": 1.0, "vp1": [1843.8140031773055, -324.9769500696823], "vp2": [-3688.5277400728523, 237.52532253655065]}}