{"cars": [], "camera_calibration": {"pp": [960.5, 540.5], "scale": 1.0, "vp1": [1767.3419595992468, -252.97670294393325], "vp2": [-2986.5019161282703, 230.9869436577798]}}