{"cars": [], "camera_calibration": {"pp": [960.5, 540.5], "scale": 1.0, "vp1": [1542.436967783437, 114.05637763210004], "vp2": [66.59988560636246, 203.9031960017098]}}