{"cars": [], "camera_calibration": {"pp": [960.5, 540.5], "scale": 1.0, "vp1": [1768.0342071481002, -281.9550050475482], "vp2": [-4406.504449731954, 174.4365869922778]}}