{"cars": [], "camera_calibration": {"pp": [960.5, 540.5], "scale": 1.0, "vp1": [1605.754328418166, -97.46757594804637], "vp2": [-48.466500068899514, 289.4153321961305]}}