{"cars": [], "camera_calibration": {"pp": [960.5, 540.5], "scale": 1.0, "vp1": [1749.1703215323234, -104.91224401819441], "vp2": [-146.49359544724513, 46.55007789135329]}}