{"cars": [], "camera_calibration": {"pp": [960.5, 540.5], "scale": 1.0, "vp1": [1776.4910259651656, -299.3603994350549], "vp2": [-1706.888138742012, 319.2358041038989]}}