{"cars": [], "camera_calibration": {"pp": [640.5, 400.5], "scale": 1.0, "vp1": [709.5073188409898, 151.492723020668], "vp2": [-3351.669215522823, 56.32602305090269]}}