{"cars": [], "camera_calibration": {"pp": [640.5, 400.5], "scale": 1.0, "vp1": [459.57006282727536, 35.81489849974749], "vp2": [2791.4367356810662, -31.48284097655253]}}