{"cars": [], "camera_calibration": {"pp": [640.5, 400.5], "scale": 1.0, "vp1": [295.80229983002823, 207.67206836176504], "vp2": [3091.4688440106142, 149.18094887551737]}}