{"cars": [], "camera_calibration": {"pp": [640.5, 400.5], "scale": 1.0, "vp1": [502.7213187760038, 9.653997121813365], "vp2": [4337.2835937533155, -93.76059797030567]}}