{"cars": [], "camera_calibration": {"pp": [640.5, 400.5], "scale": 1.0, "vp1": [964.7611440989323, 97.2747755212656], "vp2": [-140.29539968974683, 284.7995223460112]}}