{"cars": [], "camera_calibration": {"pp": [640.5, 400.5], "scale": 1.0, "vp1": [399.893339063889, 208.77879553879256], "vp2": [1151.7034910924497, 196.77847770098512]}}