{"cars": [], "camera_calibration": {"pp": [640.5, 400.5], "scale": 1.0, "vp1": [621.501743443393, 1.3927965911516198], "vp2": [43917.57074991133, -997.2448230956151]}}