{"cars": [], "camera_calibration": {"pp": [640.5, 400.5], "scale": 1.0, "vp1": [813.0808610341883, -11.765164135763879], "vp2": [-1945.1787597591376, 214.88160349718666]}}